﻿<?xml version="1.0" encoding="UTF-8"?>
<metadata>
  <title>Loot Weapon Start (Multiverse)</title>
  <threadUrl>
    <![CDATA[ https://github.com/ADMIN/LootWeaponStart ]]>
  </threadUrl>
  <author>Codex</author>
  <version>0.1.0</version>
  <description>
    <![CDATA[
Adds a start-of-run loot weapon selector via the Boon Selector menu.
- Requires FTL Multiverse + Hyperspace
- Patch after Multiverse; compatible with Judge Boon Selector
- Edit data/events_special_main.xml.append to set weapon IDs and number of choices
]]>
  </description>
</metadata>
